DFB6458C-77DE-11E9-B129-6C2B597E484C,{'subject': 'None dd'},238077
908C1871-9556-355C-9695-1D084C35A52A,{'file': 'None'},6795844
00F33638-7043-11E9-B41B-D4AE52C1DBD3,{'subject': 'None nginx'},238149
00F3278E-7043-11E9-B41B-D4AE52C1DBD3,{'subject': 'None nginx'},243720
C45124D6-77E1-11E9-B41B-D4AE52C1DBD3,{'subject': 'None hostname'},3535385
0CE6DEF9-CAA1-795F-A1CA-8B642F79D07D,{'file': 'None'},6864029
CED86807-77E2-11E9-A28B-D4AE52C1DBD3,{'netflow': '128.55.12.51:80->128.55.12.167:58356'},111583
CED88597-77E2-11E9-A28B-D4AE52C1DBD3,{'netflow': '128.55.12.51:40039->98.23.182.25:80'},111584
A6F2F9E7-6EBD-E25B-BD6E-94157BE27558,{'file': 'None'},6800480
00F2FDB9-7043-11E9-B41B-D4AE52C1DBD3,{'subject': 'None nginx'},3541731
E15F7631-77E1-11E9-A28B-D4AE52C1DBD3,{'subject': 'None hostname'},3535597
7281A09A-77DF-11E9-B41B-D4AE52C1DBD3,{'netflow': '128.55.12.75:80->128.55.12.167:55620'},558
EDAD853A-31D9-ED54-9931-889CC4ED15B6,{'file': 'None'},6809326
416AB837-8E42-6D58-828E-6976586D8E68,{'file': 'None'},6798065
B3BE35BB-7042-11E9-A28B-D4AE52C1DBD3,{'subject': 'None nginx'},238518
B3BD3A42-7042-11E9-A28B-D4AE52C1DBD3,{'netflow': '128.55.12.51:80->128.55.12.167:58340'},504
9B2BF81D-77DF-11E9-B41B-D4AE52C1DBD3,{'netflow': '128.55.12.75:80->128.55.12.167:55622'},569
836C6FA6-77E2-11E9-B41B-D4AE52C1DBD3,{'subject': 'None hostname'},3537469
8CF8D717-77DF-11E9-B41B-D4AE52C1DBD3,{'subject': 'None sh'},243710
