D80FF8A6-78C1-11E9-B41B-D4AE52C1DBD3,{'subject': 'None cat'},4077570
D2C09811-78BD-11E9-A28B-D4AE52C1DBD3,{'subject': 'None cat'},4061188
9E25A500-78AE-11E9-B129-6C2B597E484C,{'subject': 'None sshd'},738553
8BA69EA3-78D1-11E9-B129-6C2B597E484C,{'subject': 'None main'},855046
FE4D887B-78BD-11E9-B41B-D4AE52C1DBD3,{'subject': 'None cat'},4061446
ED281817-20F6-7E52-B620-7E7B827E05AF,{'file': 'None'},6796550
CD344664-78D1-11E9-B129-6C2B597E484C,{'subject': 'None main'},858634
CB177E33-78D0-11E9-B41B-D4AE52C1DBD3,{'subject': 'None main'},848907
B3FE3566-78B4-11E9-A28B-D4AE52C1DBD3,{'subject': 'None cat'},4041482
719AEB79-78AE-11E9-B129-6C2B597E484C,{'subject': 'None sshd'},738317
D6EDA8AA-78D8-11E9-B41B-D4AE52C1DBD3,{'subject': 'None main'},912147
1E2E3C6D-77E5-11E9-A28B-D4AE52C1DBD3,{'subject': 'None nginx'},738325
B388B6DF-7042-11E9-A28B-D4AE52C1DBD3,{'subject': 'None php-fpm'},738327
7F896AB1-78C7-11E9-B41B-D4AE52C1DBD3,{'subject': 'None main'},820247
A9645399-78C7-11E9-B129-6C2B597E484C,{'subject': 'None main'},822043
FB2814CB-78BA-11E9-B129-6C2B597E484C,{'subject': 'None main'},772386
7D856FDF-78D4-11E9-B129-6C2B597E484C,{'subject': 'None main'},4125219
53A80E58-78B1-11E9-B129-6C2B597E484C,{'subject': 'None main'},757288
DEEF2E3A-78C1-11E9-B41B-D4AE52C1DBD3,{'subject': 'None cat'},4077867
98A2F9DC-78AF-11E9-B41B-D4AE52C1DBD3,{'netflow': '128.55.12.75:80->128.55.12.167:58157'},18220
98A5B5B4-78AF-11E9-B41B-D4AE52C1DBD3,{'netflow': '128.55.12.75:63032->98.23.182.25:80'},18221
4E4159BF-78CF-11E9-B129-6C2B597E484C,{'subject': 'None main'},837936
444EDBB8-77E4-11E9-B41B-D4AE52C1DBD3,{'subject': 'None nginx'},746033
B68C6FD7-78AE-11E9-A28B-D4AE52C1DBD3,{'netflow': '128.55.12.51:36039->98.23.182.25:80'},17971
569F09B5-78C1-11E9-B41B-D4AE52C1DBD3,{'subject': 'None main'},4075828
7FC54CB7-78DA-11E9-B129-6C2B597E484C,{'subject': 'None main'},921913
57F3D07B-78CA-11E9-B129-6C2B597E484C,{'subject': 'None bash'},4092988
A11713AE-78AF-11E9-B129-6C2B597E484C,{'subject': 'None bash'},746560
F722F8FC-78AF-11E9-A28B-D4AE52C1DBD3,{'subject': 'None cat'},750400
C0E60490-62BE-7B5A-BE62-6F2DBA7BA087,{'file': 'None'},6795842
908C1871-9556-355C-9695-1D084C35A52A,{'file': 'None'},6795844
00C2CE8C-7043-11E9-B41B-D4AE52C1DBD3,{'subject': 'None php-fpm'},238150
2AEE92ED-78D5-11E9-B41B-D4AE52C1DBD3,{'subject': 'None main'},4130639
40766C76-78CC-11E9-B41B-D4AE52C1DBD3,{'subject': 'None cat'},4104531
995AEAE9-78D4-11E9-B129-6C2B597E484C,{'subject': 'None main'},4126804
8413A206-78D0-11E9-B129-6C2B597E484C,{'subject': 'None main'},843861
62174A6F-78C4-11E9-B41B-D4AE52C1DBD3,{'subject': 'None cat'},801366
E50D9FEF-78CC-11E9-B129-6C2B597E484C,{'subject': 'None main'},4108377
955662EC-78CF-11E9-B129-6C2B597E484C,{'subject': 'None main'},839770
8652A2BB-78C3-11E9-B129-6C2B597E484C,{'subject': 'None main'},798042
455FEBE0-78C8-11E9-B129-6C2B597E484C,{'subject': 'None main'},825690
39F53F07-78D4-11E9-A28B-D4AE52C1DBD3,{'subject': 'None main'},4123487
E61AD2CD-78C8-11E9-B129-6C2B597E484C,{'subject': 'None main'},4086368
F18841CF-78B8-11E9-B41B-D4AE52C1DBD3,{'subject': 'None cat'},759648
ECF47568-78D0-11E9-A28B-D4AE52C1DBD3,{'subject': 'None cat'},852069
43953230-78CC-11E9-B41B-D4AE52C1DBD3,{'subject': 'None cat'},4104549
D6548A13-78D2-11E9-A28B-D4AE52C1DBD3,{'subject': 'None cat'},4114281
0C96D82D-78D3-11E9-B129-6C2B597E484C,{'subject': 'None main'},4116074
B7648BCF-78B2-11E9-A28B-D4AE52C1DBD3,{'netflow': '128.55.12.51:80->128.55.12.167:60890'},127083
A398DF14-78B6-11E9-B41B-D4AE52C1DBD3,{'subject': 'None main'},4051309
04C8EE06-78C2-11E9-B129-6C2B597E484C,{'subject': 'None main'},4079729
8F140D2C-78B2-11E9-B41B-D4AE52C1DBD3,{'subject': 'None cat'},4025201
D8207B63-78D8-11E9-B129-6C2B597E484C,{'subject': 'None main'},911478
E8778190-78CD-11E9-B129-6C2B597E484C,{'subject': 'None main'},828025
7616A7B7-78AE-11E9-A28B-D4AE52C1DBD3,{'netflow': '128.55.12.51:80->128.55.12.167:60868'},17789
25C9BE8E-78D5-11E9-B129-6C2B597E484C,{'subject': 'None main'},4130177
8BF2B9CF-78BE-11E9-B129-6C2B597E484C,{'subject': 'None main'},4065667
300A2D44-78D1-11E9-B41B-D4AE52C1DBD3,{'subject': 'None cat'},853127
F457CA1A-78D9-11E9-B129-6C2B597E484C,{'subject': 'None bash'},918415
5825B5A5-78CE-11E9-A28B-D4AE52C1DBD3,{'subject': 'None cat'},828308
FCE3AFC5-78C0-11E9-A28B-D4AE52C1DBD3,{'subject': 'None cat'},4073625
2816E03F-78CF-11E9-B129-6C2B597E484C,{'subject': 'None main'},835742
7F1D2AA8-78D9-11E9-B41B-D4AE52C1DBD3,{'subject': 'None cat'},912543
58CDD4A9-78CE-11E9-A28B-D4AE52C1DBD3,{'subject': 'None cat'},828318
03B19524-78C1-11E9-A28B-D4AE52C1DBD3,{'subject': 'None cat'},4073633
A0065DDD-78CC-11E9-B41B-D4AE52C1DBD3,{'subject': 'None cat'},4106402
A1E007E5-78CC-11E9-B41B-D4AE52C1DBD3,{'subject': 'None cat'},4106403
F25642F3-78D7-11E9-B129-6C2B597E484C,{'subject': 'None main'},902308
05621957-78AF-11E9-B129-6C2B597E484C,{'subject': 'None main'},740259
74FF2B35-78B3-11E9-B41B-D4AE52C1DBD3,{'subject': 'None cat'},4030885
1D3D60BB-78B0-11E9-B129-6C2B597E484C,{'subject': 'None main'},752040
5C24A0A5-78D2-11E9-B129-6C2B597E484C,{'subject': 'None main'},4112041
04893FBB-78BD-11E9-B129-6C2B597E484C,{'subject': 'None main'},789929
D6ECF5A9-78BE-11E9-B41B-D4AE52C1DBD3,{'subject': 'None cat'},4066728
D82DE488-78BE-11E9-B41B-D4AE52C1DBD3,{'subject': 'None cat'},4066730
3BDC8BDD-78D3-11E9-A28B-D4AE52C1DBD3,{'subject': 'None cat'},4117167
99F70B39-78D3-11E9-B129-6C2B597E484C,{'subject': 'None main'},4118960
C40F4135-78D9-11E9-B129-6C2B597E484C,{'subject': 'None main'},916919
CE2DFB1A-78BA-11E9-B41B-D4AE52C1DBD3,{'subject': 'None cat'},769720
27DF5C2D-78AE-11E9-A28B-D4AE52C1DBD3,{'subject': 'None atrun'},738236
D870985E-78BA-11E9-B129-6C2B597E484C,{'subject': 'None main'},770749
933716CD-78BD-11E9-B129-6C2B597E484C,{'subject': 'None main'},4059327
28B1A6F9-C916-3251-96C9-2D1EA1327749,{'file': '/etc/passwd'},6879679
317310DC-78AE-11E9-B41B-D4AE52C1DBD3,{'subject': 'None sshd'},738240
D1A8D277-78B4-11E9-B129-6C2B597E484C,{'subject': 'None main'},4043208
E2CCE174-78B5-11E9-B41B-D4AE52C1DBD3,{'subject': 'None main'},4046538
24B39D2F-78CD-11E9-B129-6C2B597E484C,{'subject': 'None main'},825804
96072DA0-78D1-11E9-A28B-D4AE52C1DBD3,{'subject': 'None main'},857037
17D7A080-78CA-11E9-A28B-D4AE52C1DBD3,{'subject': 'None main'},4092877
D4490425-78D7-11E9-B41B-D4AE52C1DBD3,{'subject': 'None cat'},900556
2075E781-78B9-11E9-B129-6C2B597E484C,{'subject': 'None main'},763601
70E3EF54-78CA-11E9-B129-6C2B597E484C,{'subject': 'None main'},4094677
E5DD578D-78CE-11E9-A28B-D4AE52C1DBD3,{'subject': 'None main'},832732
E315791B-78CA-11E9-B41B-D4AE52C1DBD3,{'subject': 'None main'},4098012
87DA8B4C-78D8-11E9-B41B-D4AE52C1DBD3,{'subject': 'None main'},908257
0CA9F5AE-78DA-11E9-B129-6C2B597E484C,{'subject': 'None main'},920041
D7BCDDC2-78BF-11E9-B129-6C2B597E484C,{'subject': 'None main'},4070890
F2B43A46-78D2-11E9-B129-6C2B597E484C,{'subject': 'None bash'},4114413
EDAD853A-31D9-ED54-9931-889CC4ED15B6,{'file': 'None'},6809326
384A5F33-78CD-11E9-B41B-D4AE52C1DBD3,{'subject': 'None cat'},4110320
BA6F34DD-78AF-11E9-B129-6C2B597E484C,{'subject': 'None main'},748274
E1754BCE-78B8-11E9-B129-6C2B597E484C,{'subject': 'None main'},759282
F9830C54-78C6-11E9-B41B-D4AE52C1DBD3,{'subject': 'None main'},817913
668260F8-78BC-11E9-B129-6C2B597E484C,{'subject': 'None main'},783866
7525B473-78D7-11E9-B129-6C2B597E484C,{'subject': 'None main'},900348
1633500B-D34B-8058-8BD3-ABB7D880915E,{'file': 'None'},6796541
87859DC1-78C5-11E9-B129-6C2B597E484C,{'subject': 'None main'},803839
